交易 #,类型,信号,日期/时间,价格 USD,当前仓位类型,持有BTC数量,当前总资产USD,当前持有信号,备注
1,进场,tempeture_index,2015-02-15,256.66,现货,3.8962050962362653,1000.0,tempeture_index,切换为现货(1 signal)
1,出场,Close entry(s) order tempeture_index,2015-03-17,292.36,空仓,0,1139.0945219356345,,全部平仓为空仓
2,进场,tempeture_index,2015-04-06,261.49,现货,4.356168579814273,1139.0945219356345,tempeture_index,切换为现货(1 signal)
2,出场,Close entry(s) order tempeture_index,2015-04-10,244.46,空仓,0,1064.9089710213973,,全部平仓为空仓
3,进场,tempeture_index,2015-04-24,235.95,现货,4.513282352283947,1064.9089710213973,tempeture_index,切换为现货(1 signal)
3,出场,Close entry(s) order tempeture_index,2015-04-26,227.05,空仓,0,1024.7407580860702,,全部平仓为空仓
4,进场,tempeture_index,2015-05-01,236.78,现货,4.327818050874526,1024.7407580860702,tempeture_index,切换为现货(1 signal)
4,出场,Close entry(s) order tempeture_index,2015-05-06,236.76,空仓,0,1024.6542017250526,,全部平仓为空仓
5,进场,tempeture_index,2015-05-12,242.74,现货,4.2212004685056135,1024.6542017250526,tempeture_index,切换为现货(1 signal)
5,出场,Close entry(s) order tempeture_index,2015-05-14,236.93,空仓,0,1000.129027003035,,全部平仓为空仓
6,进场,tempeture_index,2015-05-25,240.68,现货,4.155430559261405,1000.129027003035,tempeture_index,切换为现货(1 signal)
6,出场,Close entry(s) order tempeture_index,2015-05-30,236.89,空仓,0,984.3799451834342,,全部平仓为空仓
7,进场,tempeture_index,2015-06-12,229.68,现货,4.285875762728292,984.3799451834341,tempeture_index,切换为现货(1 signal)
1,进场,120_ma,2015-06-17,251.88,一倍合约,4.285875762728292,1079.526387116002,"120_ma,tempeture_index",切换为一倍合约
7,出场,Close entry(s) order tempeture_index,2015-06-24,244.54,现货,4.1609816540319855,1017.5264536769816,120_ma,切换为现货(1 signal)
1,出场,Close entry(s) order 120_ma,2015-06-25,240.14,空仓,0,999.218134399241,,全部平仓为空仓
2,进场,120_ma,2015-06-28,251.46,现货,3.9736663262516543,999.218134399241,120_ma,切换为现货(1 signal)
1,进场,ADX,2015-06-28,251.46,一倍合约,3.9736663262516543,999.218134399241,"120_ma,ADX",切换为一倍合约
8,进场,tempeture_index,2015-07-01,263.83,两倍合约,4.169141759544157,1099.944670420535,"120_ma,ADX,tempeture_index",切换为两倍合约
8,出场,Close entry(s) order tempeture_index,2015-07-16,285.7,一倍合约,4.860337834905039,1388.5985194323696,"120_ma,ADX",切换为一倍合约
9,进场,tempeture_index,2015-07-27,293.88,两倍合约,4.999496265039877,1469.251962369919,"120_ma,ADX,tempeture_index",切换为两倍合约
9,出场,Close entry(s) order tempeture_index,2015-07-31,288.49,一倍合约,4.81610654904311,1389.398578333447,"120_ma,ADX",切换为一倍合约
1,出场,Close entry(s) order ADX,2015-08-08,280.06,现货,4.675374536812415,1309.385392779685,120_ma,切换为现货(1 signal)
2,进场,ADX,2015-08-09,262.02,一倍合约,4.675374536812415,1225.0416361355888,"120_ma,ADX",切换为一倍合约
2,出场,Close entry(s) order 120_ma,2015-08-19,221.99,现货,3.96109607444847,879.3237175668158,ADX,切换为现货(1 signal)
2,出场,Close entry(s) order ADX,2015-08-19,221.99,空仓,0,879.3237175668158,,全部平仓为空仓
10,进场,tempeture_index,2015-09-05,231.43,现货,3.799523473909242,879.3237175668158,tempeture_index,切换为现货(1 signal)
10,出场,Close entry(s) order tempeture_index,2015-09-13,236.5,空仓,0,898.5873015795357,,全部平仓为空仓
11,进场,tempeture_index,2015-09-26,235.88,现货,3.8095103509391883,898.5873015795357,tempeture_index,切换为现货(1 signal)
3,进场,120_ma,2015-10-17,263.45,一倍合约,3.8095103509391883,1003.6155019549291,"120_ma,tempeture_index",切换为一倍合约
3,进场,ADX,2015-10-19,265,两倍合约,3.8319234883237234,1015.4597244057867,"120_ma,ADX,tempeture_index",切换为两倍合约
11,出场,Close entry(s) order tempeture_index,2015-11-09,373.84,一倍合约,6.979595582430546,2609.252012535835,"120_ma,ADX",切换为一倍合约
12,进场,tempeture_index,2015-11-27,352.56,两倍合约,6.582297824046954,2320.654920845994,"120_ma,ADX,tempeture_index",切换为两倍合约
12,出场,Close entry(s) order tempeture_index,2015-12-05,363.98,一倍合约,7.008720794041373,2551.0341946151793,"120_ma,ADX",切换为一倍合约
13,进场,tempeture_index,2015-12-06,388.03,两倍合约,7.471822434507044,2899.291259261768,"120_ma,ADX,tempeture_index",切换为两倍合约
13,出场,Close entry(s) order tempeture_index,2015-12-21,442.36,一倍合约,9.564156083280428,4230.800084999931,"120_ma,ADX",切换为一倍合约
3,出场,Close entry(s) order ADX,2016-01-04,431.9,现货,9.33800301195591,4033.0835008637578,120_ma,切换为现货(1 signal)
14,进场,tempeture_index,2016-01-08,459.07,一倍合约,9.33800301195591,4286.797042698599,"120_ma,tempeture_index",切换为一倍合约
14,出场,Close entry(s) order tempeture_index,2016-01-11,449.99,现货,9.153305542401029,4118.895961025039,120_ma,切换为现货(1 signal)
15,进场,tempeture_index,2016-02-14,391,一倍合约,9.153305542401029,3578.942467078802,"120_ma,tempeture_index",切换为一倍合约
15,出场,Close entry(s) order tempeture_index,2016-03-03,420.44,现货,9.842495606770047,4138.178852910399,120_ma,切换为现货(1 signal)
16,进场,tempeture_index,2016-03-17,416.06,一倍合约,9.842495606770047,4095.068722152746,"120_ma,tempeture_index",切换为一倍合约
16,出场,Close entry(s) order tempeture_index,2016-03-30,416.4,现货,9.850538794065873,4101.764353849029,120_ma,切换为现货(1 signal)
17,进场,tempeture_index,2016-04-13,427.8,一倍合约,9.850538794065873,4214.0604961013805,"120_ma,tempeture_index",切换为一倍合约
17,出场,Close entry(s) order tempeture_index,2016-04-29,451.67,现货,10.400170306488391,4697.444922331611,120_ma,切换为现货(1 signal)
18,进场,tempeture_index,2016-05-07,462.31,一倍合约,10.400170306488391,4808.102734392648,"120_ma,tempeture_index",切换为一倍合约
18,出场,Close entry(s) order tempeture_index,2016-05-20,437.91,现货,9.851265555394285,4313.967699362712,120_ma,切换为现货(1 signal)
19,进场,tempeture_index,2016-05-27,454.97,一倍合约,9.851265555394285,4482.030289737738,"120_ma,tempeture_index",切换为一倍合约
4,进场,ADX,2016-06-06,575.17,两倍合约,12.453903355157768,7163.111592786093,"120_ma,ADX,tempeture_index",切换为两倍合约
19,出场,Close entry(s) order tempeture_index,2016-06-22,667.88,一倍合约,16.468721165741343,10999.129492175329,"120_ma,ADX",切换为一倍合约
4,出场,Close entry(s) order ADX,2016-07-01,673.5,现货,16.607300271196614,11185.01673265092,120_ma,切换为现货(1 signal)
20,进场,tempeture_index,2016-07-03,705.25,一倍合约,16.607300271196614,11712.298516261411,"120_ma,tempeture_index",切换为一倍合约
20,出场,Close entry(s) order tempeture_index,2016-07-08,641.97,现货,15.117176256788502,9704.773641570515,120_ma,切换为现货(1 signal)
21,进场,tempeture_index,2016-07-18,680,一倍合约,15.1171762567885,10279.67985461618,"120_ma,tempeture_index",切换为一倍合约
21,出场,Close entry(s) order tempeture_index,2016-07-23,654.7,现货,14.554728375469754,9528.980667420048,120_ma,切换为现货(1 signal)
3,出场,Close entry(s) order 120_ma,2016-08-03,538.8,空仓,0,7842.087648703103,,全部平仓为空仓
4,进场,120_ma,2016-08-04,573.35,现货,13.677662245928495,7842.087648703103,120_ma,切换为现货(1 signal)
5,进场,ADX,2016-08-04,573.35,一倍合约,13.677662245928495,7842.087648703103,"120_ma,ADX",切换为一倍合约
4,出场,Close entry(s) order 120_ma,2016-08-16,567.85,现货,13.546455928055282,7692.354998746192,ADX,切换为现货(1 signal)
5,出场,Close entry(s) order ADX,2016-08-16,567.85,空仓,0,7692.354998746192,,全部平仓为空仓
22,进场,tempeture_index,2016-08-23,585.19,现货,13.145055449932828,7692.354998746192,tempeture_index,切换为现货(1 signal)
22,出场,Close entry(s) order tempeture_index,2016-08-25,578.68,空仓,0,7606.780687767128,,全部平仓为空仓
23,进场,tempeture_index,2016-09-04,600.93,现货,12.658347374514717,7606.780687767128,tempeture_index,切换为现货(1 signal)
5,进场,120_ma,2016-09-04,600.93,一倍合约,12.658347374514717,7606.780687767128,"120_ma,tempeture_index",切换为一倍合约
6,进场,ADX,2016-09-07,612.99,两倍合约,12.91238639625876,7915.163737042658,"120_ma,ADX,tempeture_index",切换为两倍合约
23,出场,Close entry(s) order tempeture_index,2016-09-13,606.86,一倍合约,12.654134455414486,7679.288035612835,"120_ma,ADX",切换为一倍合约
6,出场,Close entry(s) order ADX,2016-09-17,607.95,现货,12.676862937364858,7706.898822770966,120_ma,切换为现货(1 signal)
5,出场,Close entry(s) order 120_ma,2016-09-20,608.6,空仓,0,7715.138783680252,,全部平仓为空仓
24,进场,tempeture_index,2016-09-29,604.96,现货,12.753138692938792,7715.138783680252,tempeture_index,切换为现货(1 signal)
6,进场,120_ma,2016-10-12,642.3,一倍合约,12.753138692938792,8191.340982474586,"120_ma,tempeture_index",切换为一倍合约
7,进场,ADX,2016-10-18,639.56,两倍合约,12.698734831785668,8121.602849016841,"120_ma,ADX,tempeture_index",切换为两倍合约
24,出场,Close entry(s) order tempeture_index,2016-10-20,629.79,一倍合约,12.310759851153527,7753.19344665798,"120_ma,ADX",切换为一倍合约
7,出场,Close entry(s) order ADX,2016-10-20,629.79,现货,12.310759851153527,7753.19344665798,120_ma,切换为现货(1 signal)
8,进场,ADX,2016-10-25,649.98,一倍合约,12.310759851153527,8001.74768805277,"120_ma,ADX",切换为一倍合约
25,进场,tempeture_index,2016-10-26,654.3,两倍合约,12.392581572678777,8108.466123003724,"120_ma,ADX,tempeture_index",切换为两倍合约
25,出场,Close entry(s) order tempeture_index,2016-11-06,706.98,一倍合约,14.388122447655757,10172.114808043667,"120_ma,ADX",切换为一倍合约
26,进场,tempeture_index,2016-11-17,738.07,两倍合约,15.020851417213054,11086.43980550244,"120_ma,ADX,tempeture_index",切换为两倍合约
8,出场,Close entry(s) order ADX,2016-11-22,736.39,一倍合约,14.952470287019661,11010.849594658408,"120_ma,tempeture_index",切换为一倍合约
26,出场,Close entry(s) order tempeture_index,2016-11-24,741.51,现货,15.056432383014366,11164.495176328983,120_ma,切换为现货(1 signal)
27,进场,tempeture_index,2016-12-01,742.51,一倍合约,15.056432383014368,11179.551608711998,"120_ma,tempeture_index",切换为一倍合约
9,进场,ADX,2016-12-17,780.85,两倍合约,15.833881329917132,12363.886236465793,"120_ma,ADX,tempeture_index",切换为两倍合约
27,出场,Close entry(s) order tempeture_index,2017-01-07,895.78,一倍合约,20.49492501627783,18358.943931081354,"120_ma,ADX",切换为一倍合约
9,出场,Close entry(s) order ADX,2017-01-21,894.31,现货,20.46129227188308,18298.738291667756,120_ma,切换为现货(1 signal)
28,进场,tempeture_index,2017-01-22,925.06,一倍合约,20.46129227188308,18927.923029028163,"120_ma,tempeture_index",切换为一倍合约
28,出场,Close entry(s) order tempeture_index,2017-01-25,887,现货,19.61944765221747,17402.450067516897,120_ma,切换为现货(1 signal)
29,进场,tempeture_index,2017-02-01,970.01,一倍合约,19.61944765221747,19031.060417127468,"120_ma,tempeture_index",切换为一倍合约
10,进场,ADX,2017-02-10,993.58,两倍合约,20.09617508921582,19967.157645143056,"120_ma,ADX,tempeture_index",切换为两倍合约
29,出场,Close entry(s) order tempeture_index,2017-02-11,"1,001.88",一倍合约,20.431927123758566,20470.339146751234,"120_ma,ADX",切换为一倍合约
10,出场,Close entry(s) order ADX,2017-02-11,"1,001.88",现货,20.431927123758566,20470.339146751234,120_ma,切换为现货(1 signal)
30,进场,tempeture_index,2017-02-21,"1,089.98",一倍合约,20.431927123758566,22270.39192635436,"120_ma,tempeture_index",切换为一倍合约
11,进场,ADX,2017-02-24,"1,185.81",两倍合约,22.228282631446582,26358.51982719567,"120_ma,ADX,tempeture_index",切换为两倍合约
30,出场,Close entry(s) order tempeture_index,2017-03-08,"1,237.32",一倍合约,24.159416351597052,29892.929040158062,"120_ma,ADX",切换为一倍合约
31,进场,tempeture_index,2017-03-13,"1,235.27",两倍合约,24.119388870007185,29793.957489453776,"120_ma,ADX,tempeture_index",切换为两倍合约
31,出场,Close entry(s) order tempeture_index,2017-03-18,"1,068.78",一倍合约,17.617754323766288,18829.503466154933,"120_ma,ADX",切换为一倍合约
6,出场,Close entry(s) order 120_ma,2017-03-25,933.94,现货,15.395053680961741,14378.056434797409,ADX,切换为现货(1 signal)
11,出场,Close entry(s) order ADX,2017-03-25,933.94,空仓,0,14378.056434797409,,全部平仓为空仓
7,进场,120_ma,2017-03-28,"1,042.28",现货,13.794811792222252,14378.056434797409,120_ma,切换为现货(1 signal)
12,进场,ADX,2017-03-30,"1,043.09",一倍合约,13.794811792222252,14389.230232349108,"120_ma,ADX",切换为一倍合约
32,进场,tempeture_index,2017-04-01,"1,088.99",两倍合约,14.401836939872984,15683.45640915228,"120_ma,ADX,tempeture_index",切换为两倍合约
12,出场,Close entry(s) order ADX,2017-04-13,"1,214.68",一倍合约,17.72632455678891,21531.811912640354,"120_ma,tempeture_index",切换为一倍合约
32,出场,Close entry(s) order tempeture_index,2017-04-16,"1,178.84",现货,17.203296704090818,20279.93428665042,120_ma,切换为现货(1 signal)
33,进场,tempeture_index,2017-04-22,"1,249.98",一倍合约,17.203296704090818,21503.77681417944,"120_ma,tempeture_index",切换为一倍合约
13,进场,ADX,2017-04-22,"1,249.98",两倍合约,17.203296704090818,21503.77681417944,"120_ma,ADX,tempeture_index",切换为两倍合约
13,出场,Close entry(s) order ADX,2017-04-29,"1,352.96",一倍合约,20.03789484900077,27110.470214904086,"120_ma,tempeture_index",切换为一倍合约
14,进场,ADX,2017-05-04,"1,533.00",两倍合约,22.704361402789576,34805.78603047642,"120_ma,ADX,tempeture_index",切换为两倍合约
33,出场,Close entry(s) order tempeture_index,2017-05-28,"2,099.99",一倍合约,39.499072259629315,82947.65675449895,"120_ma,ADX",切换为一倍合约
34,进场,tempeture_index,2017-06-06,"2,698.00",两倍合约,50.74714496568075,136915.79711740665,"120_ma,ADX,tempeture_index",切换为两倍合约
34,出场,Close entry(s) order tempeture_index,2017-06-14,"2,709.02",一倍合约,51.16169910765391,138598.0661166166,"120_ma,ADX",切换为一倍合约
35,进场,tempeture_index,2017-06-21,"2,725.11",两倍合约,51.46556978363347,140249.33887307742,"120_ma,ADX,tempeture_index",切换为两倍合约
35,出场,Close entry(s) order tempeture_index,2017-06-25,"2,574.86",一倍合约,45.79042136027373,117903.92434371443,"120_ma,ADX",切换为一倍合约
14,出场,Close entry(s) order ADX,2017-06-25,"2,574.86",现货,45.79042136027373,117903.92434371443,120_ma,切换为现货(1 signal)
15,进场,ADX,2017-07-03,"2,515.37",一倍合约,45.79042136027373,115179.85217699173,"120_ma,ADX",切换为一倍合约
15,出场,Close entry(s) order ADX,2017-07-04,"2,542.41",现货,46.282664248430066,117669.50841185107,120_ma,切换为现货(1 signal)
36,进场,tempeture_index,2017-07-06,"2,616.96",一倍合约,46.282664248430066,121119.88103157155,"120_ma,tempeture_index",切换为一倍合约
36,出场,Close entry(s) order tempeture_index,2017-07-08,"2,501.15",现货,44.23448798795582,110637.08963107571,120_ma,切换为现货(1 signal)
37,进场,tempeture_index,2017-07-09,"2,560.84",一倍合约,44.23448798795582,113277.4462190768,"120_ma,tempeture_index",切换为一倍合约
37,出场,Close entry(s) order tempeture_index,2017-07-11,"2,330.93",现货,40.263153920497125,93850.59336790435,120_ma,切换为现货(1 signal)
16,进场,ADX,2017-07-12,"2,309.62",一倍合约,40.263153920497125,92992.58555785856,"120_ma,ADX",切换为一倍合约
38,进场,tempeture_index,2017-07-21,"2,873.45",两倍合约,50.09229207958558,143937.69667608518,"120_ma,ADX,tempeture_index",切换为两倍合约
38,出场,Close entry(s) order tempeture_index,2017-07-26,"2,564.00",一倍合约,39.30312937689178,100773.22372235054,"120_ma,ADX",切换为一倍合约
16,出场,Close entry(s) order ADX,2017-07-28,"2,664.99",现货,40.85118828319923,108868.0082628431,120_ma,切换为现货(1 signal)
39,进场,tempeture_index,2017-08-06,"3,243.50",一倍合约,40.85118828319923,132500.8291965567,"120_ma,tempeture_index",切换为一倍合约
17,进场,ADX,2017-08-11,"3,444.98",两倍合约,43.38878575978285,149473.49916673673,"120_ma,ADX,tempeture_index",切换为两倍合约
39,出场,Close entry(s) order tempeture_index,2017-08-22,"4,002.00",一倍合约,57.41988111819668,229794.3642350231,"120_ma,ADX",切换为一倍合约
17,出场,Close entry(s) order ADX,2017-08-29,"4,384.99",现货,62.91494365429316,275881.39877463895,120_ma,切换为现货(1 signal)
40,进场,tempeture_index,2017-08-30,"4,599.01",一倍合约,62.91494365429316,289346.4550155308,"120_ma,tempeture_index",切换为一倍合约
40,出场,Close entry(s) order tempeture_index,2017-09-05,"4,498.46",现货,61.5394090100025,276832.56985513587,120_ma,切换为现货(1 signal)
18,进场,ADX,2017-09-22,"3,617.47",一倍合约,61.5394090100025,222616.96591141375,"120_ma,ADX",切换为一倍合约
41,进场,tempeture_index,2017-09-28,"4,200.00",两倍合约,71.44924984644254,300086.8493550587,"120_ma,ADX,tempeture_index",切换为两倍合约
18,出场,Close entry(s) order ADX,2017-09-30,"4,156.99",一倍合约,69.98590116268278,290930.6912742607,"120_ma,tempeture_index",切换为一倍合约
19,进场,ADX,2017-10-15,"5,819.13",两倍合约,97.96921739835851,570095.6120393099,"120_ma,ADX,tempeture_index",切换为两倍合约
41,出场,Close entry(s) order tempeture_index,2017-10-25,"5,525.43",一倍合约,88.07991808732821,486679.42179726594,"120_ma,ADX",切换为一倍合约
19,出场,Close entry(s) order ADX,2017-10-29,"5,752.01",现货,91.69179043757549,527412.0955148386,120_ma,切换为现货(1 signal)
20,进场,ADX,2017-10-30,"6,140.01",一倍合约,91.69179043757548,562988.5102046179,"120_ma,ADX",切换为一倍合约
42,进场,tempeture_index,2017-11-01,"6,445.01",两倍合约,96.2465055086357,620309.6904682122,"120_ma,ADX,tempeture_index",切换为两倍合约
42,出场,Close entry(s) order tempeture_index,2017-11-11,"6,577.63",一倍合约,100.20746493633412,659127.6275891794,"120_ma,ADX",切换为一倍合约
43,进场,tempeture_index,2017-11-16,"7,294.00",两倍合约,111.12106476734341,810517.0464130029,"120_ma,ADX,tempeture_index",切换为两倍合约
43,出场,Close entry(s) order tempeture_index,2017-12-21,"16,496.90",一倍合约,391.5257938453212,6458961.868486879,"120_ma,ADX",切换为一倍合约
44,进场,tempeture_index,2018-01-06,"16,960.01",两倍合约,402.51692008041414,6826690.989733024,"120_ma,ADX,tempeture_index",切换为两倍合约
44,出场,Close entry(s) order tempeture_index,2018-01-09,"14,993.73",一倍合约,309.18431360014483,4635826.118355899,"120_ma,ADX",切换为一倍合约
20,出场,Close entry(s) order ADX,2018-01-10,"14,481.00",现货,298.61135589634443,4324191.044734964,120_ma,切换为现货(1 signal)
21,进场,ADX,2018-01-19,"11,305.53",一倍合约,298.61135589634443,3375959.642426799,"120_ma,ADX",切换为一倍合约
7,出场,Close entry(s) order 120_ma,2018-01-31,"9,995.00",现货,263.99651340396804,2638645.1514726607,ADX,切换为现货(1 signal)
21,出场,Close entry(s) order ADX,2018-01-31,"9,995.00",空仓,0,2638645.1514726607,,全部平仓为空仓
45,进场,tempeture_index,2018-02-15,"9,472.98",现货,278.5443600084304,2638645.1514726607,tempeture_index,切换为现货(1 signal)
45,出场,Close entry(s) order tempeture_index,2018-02-24,"10,144.99",空仓,0,2825829.746841926,,全部平仓为空仓
46,进场,tempeture_index,2018-03-24,"8,927.80",现货,316.52027899840124,2825829.746841926,tempeture_index,切换为现货(1 signal)
46,出场,Close entry(s) order tempeture_index,2018-03-25,"8,531.96",空仓,0,2700538.359603199,,全部平仓为空仓
47,进场,tempeture_index,2018-04-13,"7,915.99",现货,341.14979422702646,2700538.359603199,tempeture_index,切换为现货(1 signal)
47,出场,Close entry(s) order tempeture_index,2018-04-18,"7,892.11",空仓,0,2692391.702517058,,全部平仓为空仓
48,进场,tempeture_index,2018-04-20,"8,274.00",现货,325.40387992712806,2692391.702517058,tempeture_index,切换为现货(1 signal)
48,出场,Close entry(s) order tempeture_index,2018-05-02,"9,072.29",空仓,0,2952158.3658240847,,全部平仓为空仓
49,进场,tempeture_index,2018-05-06,"9,799.99",现货,301.2409569626178,2952158.3658240847,tempeture_index,切换为现货(1 signal)
8,进场,120_ma,2018-05-06,"9,799.99",一倍合约,301.2409569626178,2952158.3658240847,"120_ma,tempeture_index",切换为一倍合约
49,出场,Close entry(s) order tempeture_index,2018-05-08,"9,356.25",现货,287.60087546839264,2690865.6911011487,120_ma,切换为现货(1 signal)
8,出场,Close entry(s) order 120_ma,2018-05-08,"9,356.25",空仓,0,2690865.6911011487,,全部平仓为空仓
50,进场,tempeture_index,2018-06-06,"7,612.51",现货,353.4794293999152,2690865.6911011487,tempeture_index,切换为现货(1 signal)
50,出场,Close entry(s) order tempeture_index,2018-06-11,"6,770.31",空仓,0,2393165.31566054,,全部平仓为空仓
51,进场,tempeture_index,2018-07-03,"6,611.79",现货,361.95422354015176,2393165.31566054,tempeture_index,切换为现货(1 signal)
51,出场,Close entry(s) order tempeture_index,2018-07-11,"6,303.69",空仓,0,2281647.219387819,,全部平仓为空仓
52,进场,tempeture_index,2018-07-17,"6,728.80",现货,339.08679398820277,2281647.219387819,tempeture_index,切换为现货(1 signal)
9,进场,120_ma,2018-07-24,"7,720.08",一倍合约,339.08679398820277,2617777.1765324445,"120_ma,tempeture_index",切换为一倍合约
22,进场,ADX,2018-07-28,"8,182.64",两倍合约,359.4036802675138,2940870.930304169,"120_ma,ADX,tempeture_index",切换为两倍合约
52,出场,Close entry(s) order tempeture_index,2018-08-01,"7,727.28",一倍合约,319.40239465636256,2468111.736180217,"120_ma,ADX",切换为一倍合约
9,出场,Close entry(s) order 120_ma,2018-08-04,"7,414.08",现货,306.45646413406075,2272092.741607057,ADX,切换为现货(1 signal)
22,出场,Close entry(s) order ADX,2018-08-04,"7,414.08",空仓,0,2272092.741607057,,全部平仓为空仓
53,进场,tempeture_index,2018-08-23,"6,359.99",现货,357.24784812665695,2272092.741607057,tempeture_index,切换为现货(1 signal)
10,进场,120_ma,2018-09-03,"7,294.99",一倍合约,357.24784812665695,2606119.479605481,"120_ma,tempeture_index",切换为一倍合约
53,出场,Close entry(s) order tempeture_index,2018-09-06,"6,687.96",现货,327.52057485440787,2190444.503803286,120_ma,切换为现货(1 signal)
10,出场,Close entry(s) order 120_ma,2018-09-06,"6,687.96",空仓,0,2190444.503803286,,全部平仓为空仓
54,进场,tempeture_index,2018-09-22,"6,750.00",现货,324.51029685974606,2190444.503803286,tempeture_index,切换为现货(1 signal)
54,出场,Close entry(s) order tempeture_index,2018-10-04,"6,466.03",空仓,0,2098293.3148040236,,全部平仓为空仓
55,进场,tempeture_index,2018-10-06,"6,593.94",现货,318.21540911867925,2098293.3148040236,tempeture_index,切换为现货(1 signal)
55,出场,Close entry(s) order tempeture_index,2018-10-12,"6,154.68",空仓,0,1958514.0141945528,,全部平仓为空仓
56,进场,tempeture_index,2018-10-18,"6,443.69",现货,303.94292931450036,1958514.0141945528,tempeture_index,切换为现货(1 signal)
56,出场,Close entry(s) order tempeture_index,2018-10-30,"6,266.00",空仓,0,1904506.3950846593,,全部平仓为空仓
57,进场,tempeture_index,2018-11-05,"6,423.29",现货,296.500141685127,1904506.3950846593,tempeture_index,切换为现货(1 signal)
57,出场,Close entry(s) order tempeture_index,2018-11-09,"6,406.24",空仓,0,1899451.067668928,,全部平仓为空仓
58,进场,tempeture_index,2018-12-20,"3,682.51",现货,515.8033698941558,1899451.0676689278,tempeture_index,切换为现货(1 signal)
58,出场,Close entry(s) order tempeture_index,2018-12-26,"3,780.00",空仓,0,1949736.738199909,,全部平仓为空仓
59,进场,tempeture_index,2019-02-09,"3,622.00",现货,538.3039034234978,1949736.738199909,tempeture_index,切换为现货(1 signal)
59,出场,Close entry(s) order tempeture_index,2019-02-25,"3,734.23",空仓,0,2010150.585281128,,全部平仓为空仓
60,进场,tempeture_index,2019-03-08,"3,857.04",现货,521.164049447537,2010150.585281128,tempeture_index,切换为现货(1 signal)
11,进场,120_ma,2019-03-14,"3,851.02",一倍合约,521.164049447537,2007013.1777034537,"120_ma,tempeture_index",切换为一倍合约
60,出场,Close entry(s) order tempeture_index,2019-03-25,"3,969.52",现货,537.2008240837458,2132429.4152169107,120_ma,切换为现货(1 signal)
61,进场,tempeture_index,2019-03-30,"4,091.01",一倍合约,537.2008240837458,2197693.9433348454,"120_ma,tempeture_index",切换为一倍合约
23,进场,ADX,2019-04-04,"4,975.13",两倍合约,653.2968474591278,3250236.7446993305,"120_ma,ADX,tempeture_index",切换为两倍合约
61,出场,Close entry(s) order tempeture_index,2019-04-15,"5,163.81",一倍合约,702.8489392350566,3629378.3809113777,"120_ma,ADX",切换为一倍合约
62,进场,tempeture_index,2019-04-24,"5,532.75",两倍合约,753.0655598391031,4166523.476199798,"120_ma,ADX,tempeture_index",切换为两倍合约
62,出场,Close entry(s) order tempeture_index,2019-04-26,"5,134.82",一倍合约,644.7406298398172,3310627.08091409,"120_ma,ADX",切换为一倍合约
63,进场,tempeture_index,2019-05-03,"5,390.00",两倍合约,676.7816583320574,3647853.1384097897,"120_ma,ADX,tempeture_index",切换为两倍合约
63,出场,Close entry(s) order tempeture_index,2019-05-23,"7,622.25",一倍合约,1237.355260117488,9431431.131430522,"120_ma,ADX",切换为一倍合约
64,进场,tempeture_index,2019-05-28,"8,772.29",两倍合约,1424.0465971040098,12492149.723309536,"120_ma,ADX,tempeture_index",切换为两倍合约
64,出场,Close entry(s) order tempeture_index,2019-05-31,"8,279.69",一倍合约,1264.1145032645595,10466476.211534541,"120_ma,ADX",切换为一倍合约
23,出场,Close entry(s) order ADX,2019-06-12,"7,913.64",现货,1208.2272521814884,9561475.511953514,120_ma,切换为现货(1 signal)
65,进场,tempeture_index,2019-06-15,"8,697.45",一倍合约,1208.2272521814884,10508496.114485888,"120_ma,tempeture_index",切换为一倍合约
24,进场,ADX,2019-06-22,"10,235.59",两倍合约,1421.9016815453174,14554002.632608436,"120_ma,ADX,tempeture_index",切换为两倍合约
65,出场,Close entry(s) order tempeture_index,2019-07-01,"10,761.26",一倍合约,1567.9511143455618,16873129.60876232,"120_ma,ADX",切换为一倍合约
66,进场,tempeture_index,2019-07-09,"12,293.39",两倍合约,1791.1875142487572,22019766.67579053,"120_ma,ADX,tempeture_index",切换为两倍合约
66,出场,Close entry(s) order tempeture_index,2019-07-14,"11,370.06",一倍合约,1522.1230548065196,17306630.460533414,"120_ma,ADX",切换为一倍合约
24,出场,Close entry(s) order ADX,2019-07-19,"10,652.76",现货,1426.097275944076,15191872.017286016,120_ma,切换为现货(1 signal)
67,进场,tempeture_index,2019-08-03,"10,533.62",一倍合约,1426.097275944076,15021966.78783004,"120_ma,tempeture_index",切换为一倍合约
67,出场,Close entry(s) order tempeture_index,2019-08-13,"11,389.25",现货,1541.9369979215187,17561505.953577656,120_ma,切换为现货(1 signal)
68,进场,tempeture_index,2019-09-04,"10,628.48",一倍合约,1541.9369979215187,16388446.543668902,"120_ma,tempeture_index",切换为一倍合约
68,出场,Close entry(s) order tempeture_index,2019-09-18,"10,185.42",现货,1477.6596406419164,15050584.05698699,120_ma,切换为现货(1 signal)
11,出场,Close entry(s) order 120_ma,2019-09-22,"9,973.99",空仓,0,14738162.479166068,,全部平仓为空仓
69,进场,tempeture_index,2019-10-11,"8,587.49",现货,1716.2363483586087,14738162.479166068,tempeture_index,切换为现货(1 signal)
69,出场,Close entry(s) order tempeture_index,2019-10-17,"7,995.81",空仓,0,13722699.756569248,,全部平仓为空仓
70,进场,tempeture_index,2019-10-22,"8,209.92",现货,1671.4778897442663,13722699.756569248,tempeture_index,切换为现货(1 signal)
70,出场,Close entry(s) order tempeture_index,2019-10-23,"8,024.00",空仓,0,13411938.587307993,,全部平仓为空仓
71,进场,tempeture_index,2019-10-27,"9,259.98",现货,1448.3766257927116,13411938.587307993,tempeture_index,切换为现货(1 signal)
71,出场,Close entry(s) order tempeture_index,2019-11-09,"8,763.01",空仓,0,12692138.85558779,,全部平仓为空仓
72,进场,tempeture_index,2019-12-07,"7,541.76",现货,1682.914711630679,12692138.85558779,tempeture_index,切换为现货(1 signal)
72,出场,Close entry(s) order tempeture_index,2019-12-12,"7,201.24",空仓,0,12119072.73798331,,全部平仓为空仓
73,进场,tempeture_index,2019-12-23,"7,514.74",现货,1612.7068585184998,12119072.73798331,tempeture_index,切换为现货(1 signal)
73,出场,Close entry(s) order tempeture_index,2020-01-03,"6,945.02",空仓,0,11200281.386548152,,全部平仓为空仓
74,进场,tempeture_index,2020-01-06,"7,355.40",现货,1522.7290679702196,11200281.386548152,tempeture_index,切换为现货(1 signal)
12,进场,120_ma,2020-01-15,"8,812.58",一倍合约,1522.7290679702196,13419171.729812998,"120_ma,tempeture_index",切换为一倍合约
25,进场,ADX,2020-01-16,"8,808.81",两倍合约,1522.07764822864,13407692.808492927,"120_ma,ADX,tempeture_index",切换为两倍合约
74,出场,Close entry(s) order tempeture_index,2020-01-23,"8,660.38",一倍合约,1470.7830953147784,12737540.503002198,"120_ma,ADX",切换为一倍合约
75,进场,tempeture_index,2020-01-28,"8,895.95",两倍合约,1510.7896970762836,13439909.605705766,"120_ma,ADX,tempeture_index",切换为两倍合约
75,出场,Close entry(s) order tempeture_index,2020-02-05,"9,164.33",一倍合约,1601.9470751868466,14680771.639547074,"120_ma,ADX",切换为一倍合约
76,进场,tempeture_index,2020-02-07,"9,763.01",两倍合约,1706.5977888749026,16661531.278763562,"120_ma,ADX,tempeture_index",切换为两倍合约
76,出场,Close entry(s) order tempeture_index,2020-02-16,"9,911.22",一倍合约,1758.4127226482262,17428015.34496555,"120_ma,ADX",切换为一倍合约
25,出场,Close entry(s) order ADX,2020-02-25,"9,660.00",现货,1713.8421809607562,16555715.468080904,120_ma,切换为现货(1 signal)
12,出场,Close entry(s) order 120_ma,2020-03-09,"8,037.73",空仓,0,13775400.713173699,,全部平仓为空仓
77,进场,tempeture_index,2020-03-24,"6,493.58",现货,2121.387695720034,13775400.713173699,tempeture_index,切换为现货(1 signal)
77,出场,Close entry(s) order tempeture_index,2020-04-12,"6,889.78",空仓,0,14615894.518217975,,全部平仓为空仓
78,进场,tempeture_index,2020-04-23,"7,136.81",现货,2047.9590346692673,14615894.518217975,tempeture_index,切换为现货(1 signal)
13,进场,120_ma,2020-04-30,"8,794.99",一倍合约,2047.9590346692673,18011779.23032586,"120_ma,tempeture_index",切换为一倍合约
26,进场,ADX,2020-05-04,"8,907.85",两倍合约,2074.239070991398,18477010.508530725,"120_ma,ADX,tempeture_index",切换为两倍合约
78,出场,Close entry(s) order tempeture_index,2020-05-11,"8,729.86",一倍合约,1991.3472817839554,17384182.981354482,"120_ma,ADX",切换为一倍合约
26,出场,Close entry(s) order ADX,2020-05-26,"8,900.00",现货,2030.1575062918769,18068401.805997703,120_ma,切换为现货(1 signal)
79,进场,tempeture_index,2020-05-30,"9,423.85",一倍合约,2030.157506291877,19131899.815668706,"120_ma,tempeture_index",切换为一倍合约
79,出场,Close entry(s) order tempeture_index,2020-06-03,"9,521.53",现货,2051.2004754833,19530566.86332851,120_ma,切换为现货(1 signal)
27,进场,ADX,2020-06-07,"9,670.28",一倍合约,2051.2004754833,19835682.934056647,"120_ma,ADX",切换为一倍合约
27,出场,Close entry(s) order ADX,2020-06-12,"9,268.16",现货,1965.9052477131274,18220324.3806449,120_ma,切换为现货(1 signal)
80,进场,tempeture_index,2020-07-09,"9,435.28",一倍合约,1965.9052477131272,18548866.465642717,"120_ma,tempeture_index",切换为一倍合约
80,出场,Close entry(s) order tempeture_index,2020-07-15,"9,256.94",现货,1928.746886554035,17854294.20401751,120_ma,切换为现货(1 signal)
81,进场,tempeture_index,2020-07-22,"9,394.14",一倍合约,1928.7468865540347,18118918.27685272,"120_ma,tempeture_index",切换为一倍合约
28,进场,ADX,2020-07-28,"11,048.05",两倍合约,2268.3174872839136,25060485.01538704,"120_ma,ADX,tempeture_index",切换为两倍合约
81,出场,Close entry(s) order tempeture_index,2020-08-12,"11,388.88",一倍合约,2408.271714354026,27427517.562172275,"120_ma,ADX",切换为一倍合约
82,进场,tempeture_index,2020-08-18,"12,303.98",两倍合约,2601.777085014299,32012213.21847423,"120_ma,ADX,tempeture_index",切换为两倍合约
82,出场,Close entry(s) order tempeture_index,2020-08-20,"11,758.87",一倍合约,2371.2411597588707,27883116.536253795,"120_ma,ADX",切换为一倍合约
28,出场,Close entry(s) order ADX,2020-08-31,"11,716.00",现货,2362.5961871961276,27680176.92918983,120_ma,切换为现货(1 signal)
83,进场,tempeture_index,2020-09-02,"11,924.22",一倍合约,2362.5961871961276,28172116.707287807,"120_ma,tempeture_index",切换为一倍合约
83,出场,Close entry(s) order tempeture_index,2020-09-03,"11,395.49",现货,2257.836674032482,25729155.240570407,120_ma,切换为现货(1 signal)
29,进场,ADX,2020-09-08,"10,375.00",一倍合约,2257.836674032482,23425055.493086997,"120_ma,ADX",切换为一倍合约
84,进场,tempeture_index,2020-09-16,"10,783.36",两倍合约,2346.7051255224005,25305366.182353236,"120_ma,ADX,tempeture_index",切换为两倍合约
29,出场,Close entry(s) order ADX,2020-09-17,"10,957.06",一倍合约,2422.3072903955454,26541366.31930141,"120_ma,tempeture_index",切换为一倍合约
84,出场,Close entry(s) order tempeture_index,2020-09-22,"10,416.83",现货,2302.8771633824244,23988679.92183694,120_ma,切换为现货(1 signal)
85,进场,tempeture_index,2020-09-27,"10,730.00",一倍合约,2302.8771633824244,24709871.963093415,"120_ma,tempeture_index",切换为一倍合约
85,出场,Close entry(s) order tempeture_index,2020-10-04,"10,550.32",现货,2264.31416536597,23889239.0251439,120_ma,切换为现货(1 signal)
86,进场,tempeture_index,2020-10-06,"10,796.97",一倍合约,2264.31416536597,24447732.114031415,"120_ma,tempeture_index",切换为一倍合约
30,进场,ADX,2020-10-19,"11,514.20",两倍合约,2414.7298883720946,27803682.880693972,"120_ma,ADX,tempeture_index",切换为两倍合约
86,出场,Close entry(s) order tempeture_index,2020-11-27,"17,169.99",一倍合约,4786.966805458129,82192172.18004802,"120_ma,ADX",切换为一倍合约
87,进场,tempeture_index,2020-12-14,"19,166.65",两倍合约,5343.632542700027,102419534.67454149,"120_ma,ADX,tempeture_index",切换为两倍合约
87,出场,Close entry(s) order tempeture_index,2021-01-13,"34,035.53",一倍合约,13634.474295588672,464056558.92173713,"120_ma,ADX",切换为一倍合约
30,出场,Close entry(s) order ADX,2021-01-30,"34,262.11",现货,13725.241184950892,470255723.2553178,120_ma,切换为现货(1 signal)
88,进场,tempeture_index,2021-02-03,"35,513.00",一倍合约,13725.241184950892,487424490.201161,"120_ma,tempeture_index",切换为一倍合约
31,进场,ADX,2021-02-11,"44,850.00",两倍合约,17333.85146692894,777423238.291763,"120_ma,ADX,tempeture_index",切换为两倍合约
88,出场,Close entry(s) order tempeture_index,2021-02-24,"48,899.99",一倍合约,20464.372095805084,1000707590.8411475,"120_ma,ADX",切换为一倍合约
31,出场,Close entry(s) order ADX,2021-03-02,"49,635.30",现货,20772.09521488479,1031029177.619371,120_ma,切换为现货(1 signal)
89,进场,tempeture_index,2021-03-09,"52,413.17",一倍合约,20772.09521488479,1088731357.753943,"120_ma,tempeture_index",切换为一倍合约
32,进场,ADX,2021-03-16,"55,629.08",两倍合约,22046.606730263466,1226432449.5263648,"120_ma,ADX,tempeture_index",切换为两倍合约
89,出场,Close entry(s) order tempeture_index,2021-03-17,"56,924.26",一倍合约,23073.203758468953,1313425049.7800639,"120_ma,ADX",切换为一倍合约
32,出场,Close entry(s) order ADX,2021-03-17,"56,924.26",现货,23073.203758468953,1313425049.7800639,120_ma,切换为现货(1 signal)
90,进场,tempeture_index,2021-03-31,"58,786.46",一倍合约,23073.203758468957,1356391969.819085,"120_ma,tempeture_index",切换为一倍合约
90,出场,Close entry(s) order tempeture_index,2021-04-04,"57,094.34",现货,22409.06052644273,1279430520.7773001,120_ma,切换为现货(1 signal)
91,进场,tempeture_index,2021-04-14,"63,588.22",一倍合约,22409.06052644273,1424952270.7487562,"120_ma,tempeture_index",切换为一倍合约
91,出场,Close entry(s) order tempeture_index,2021-04-18,"60,067.20",现货,21168.22141670172,1271515789.4813054,120_ma,切换为现货(1 signal)
33,进场,ADX,2021-04-27,"54,047.80",一倍合约,21168.22141670172,1144095797.4856112,"120_ma,ADX",切换为一倍合约
92,进场,tempeture_index,2021-05-02,"57,859.28",两倍合约,22661.015805471106,1311150058.5731783,"120_ma,ADX,tempeture_index",切换为两倍合约
33,出场,Close entry(s) order ADX,2021-05-02,"57,859.28",一倍合约,22661.015805471106,1311150058.5731783,"120_ma,tempeture_index",切换为一倍合约
92,出场,Close entry(s) order tempeture_index,2021-05-11,"55,866.38",现货,21880.48175114614,1222383308.0925956,120_ma,切换为现货(1 signal)
13,出场,Close entry(s) order 120_ma,2021-05-13,"49,498.76",空仓,0,1083056714.8843627,,全部平仓为空仓
93,进场,tempeture_index,2021-06-04,"39,248.54",现货,27594.828110405193,1083056714.8843627,tempeture_index,切换为现货(1 signal)
93,出场,Close entry(s) order tempeture_index,2021-06-07,"35,800.48",空仓,0,987908091.869999,,全部平仓为空仓
94,进场,tempeture_index,2021-06-12,"37,340.08",现货,26457.04272379703,987908091.869999,tempeture_index,切换为现货(1 signal)
94,出场,Close entry(s) order tempeture_index,2021-06-17,"38,351.00",空仓,0,1014654045.5003399,,全部平仓为空仓
95,进场,tempeture_index,2021-07-01,"35,060.00",现货,28940.503294362232,1014654045.5003399,tempeture_index,切换为现货(1 signal)
95,出场,Close entry(s) order tempeture_index,2021-07-02,"33,510.93",空仓,0,969823180.0621421,,全部平仓为空仓
96,进场,tempeture_index,2021-07-04,"34,685.03",现货,27960.857466813268,969823180.0621421,tempeture_index,切换为现货(1 signal)
96,出场,Close entry(s) order tempeture_index,2021-07-13,"33,077.43",空仓,0,924873305.5984932,,全部平仓为空仓
97,进场,tempeture_index,2021-07-25,"34,291.67",现货,26970.78636294159,924873305.5984932,tempeture_index,切换为现货(1 signal)
97,出场,Close entry(s) order tempeture_index,2021-08-05,"39,718.90",空仓,0,1071249966.4710408,,全部平仓为空仓
98,进场,tempeture_index,2021-08-07,"42,869.59",现货,24988.575035848044,1071249966.4710408,tempeture_index,切换为现货(1 signal)
14,进场,120_ma,2021-08-07,"42,869.59",一倍合约,24988.575035848044,1071249966.4710408,"120_ma,tempeture_index",切换为一倍合约
34,进场,ADX,2021-08-08,"44,628.11",两倍合约,26013.611873663373,1160938332.1951551,"120_ma,ADX,tempeture_index",切换为两倍合约
98,出场,Close entry(s) order tempeture_index,2021-08-18,"44,675.34",一倍合约,26068.6723675446,1164626801.36866,"120_ma,ADX",切换为一倍合约
99,进场,tempeture_index,2021-08-23,"49,284.38",两倍合约,28758.11029211121,1417325635.71832,"120_ma,ADX,tempeture_index",切换为两倍合约
99,出场,Close entry(s) order tempeture_index,2021-08-25,"47,682.45",一倍合约,26888.6141304372,1282114998.8438652,"120_ma,ADX",切换为一倍合约
100,进场,tempeture_index,2021-09-02,"48,834.27",两倍合约,27538.13703724506,1344804819.373825,"120_ma,ADX,tempeture_index",切换为两倍合约
100,出场,Close entry(s) order tempeture_index,2021-09-08,"46,894.49",一倍合约,25350.414052459695,1188794738.2789307,"120_ma,ADX",切换为一倍合约
101,进场,tempeture_index,2021-09-19,"48,309.86",两倍合约,26115.540521207517,1261638106.4038622,"120_ma,ADX,tempeture_index",切换为两倍合约
34,出场,Close entry(s) order ADX,2021-09-19,"48,309.86",一倍合约,26115.540521207517,1261638106.4038622,"120_ma,tempeture_index",切换为一倍合约
101,出场,Close entry(s) order tempeture_index,2021-09-20,"47,253.71",现货,25544.60266045873,1207077246.1825454,120_ma,切换为现货(1 signal)
35,进场,ADX,2021-09-24,"44,896.55",一倍合约,25544.60266045873,1146864530.5754185,"120_ma,ADX",切换为一倍合约
102,进场,tempeture_index,2021-10-02,"48,165.76",两倍合约,27404.671428851805,1319966826.9209332,"120_ma,ADX,tempeture_index",切换为两倍合约
102,出场,Close entry(s) order tempeture_index,2021-10-24,"61,300.02",一倍合约,42350.56161146746,2596090273.7941875,"120_ma,ADX",切换为一倍合约
103,进场,tempeture_index,2021-10-30,"62,287.95",两倍合约,43033.096304487415,2680443350.959097,"120_ma,ADX,tempeture_index",切换为两倍合约
103,出场,Close entry(s) order tempeture_index,2021-10-31,"61,896.38",一倍合约,42492.04560302917,2630103801.622422,"120_ma,ADX",切换为一倍合约
104,进场,tempeture_index,2021-11-08,"63,309.12",两倍合约,43461.89573812953,2751534372.7127314,"120_ma,ADX,tempeture_index",切换为两倍合约
104,出场,Close entry(s) order tempeture_index,2021-11-13,"64,144.42",一倍合约,44608.767516162756,2861403519.2391005,"120_ma,ADX",切换为一倍合约
35,出场,Close entry(s) order ADX,2021-11-17,"60,101.56",现货,41797.19011254146,2512076329.380317,120_ma,切换为现货(1 signal)
14,出场,Close entry(s) order 120_ma,2021-12-05,"49,235.26",空仓,0,2057895522.460408,,全部平仓为空仓
105,进场,tempeture_index,2021-12-24,"50,842.06",现货,40476.241963059874,2057895522.4604077,tempeture_index,切换为现货(1 signal)
105,出场,Close entry(s) order tempeture_index,2021-12-29,"47,542.20",空仓,0,1924329590.6561852,,全部平仓为空仓
106,进场,tempeture_index,2022-02-01,"38,492.53",现货,49992.28657238652,1924329590.6561852,tempeture_index,切换为现货(1 signal)
106,出场,Close entry(s) order tempeture_index,2022-02-14,"42,073.37",空仓,0,2103343970.1060498,,全部平仓为空仓
107,进场,tempeture_index,2022-03-02,"44,440.00",现货,47329.97232461858,2103343970.1060498,tempeture_index,切换为现货(1 signal)
107,出场,Close entry(s) order tempeture_index,2022-03-07,"38,406.82",空仓,0,1817793727.6766074,,全部平仓为空仓
108,进场,tempeture_index,2022-03-10,"41,949.28",现货,43333.132956670706,1817793727.6766074,tempeture_index,切换为现货(1 signal)
108,出场,Close entry(s) order tempeture_index,2022-03-11,"39,431.40",空仓,0,1708686098.8676653,,全部平仓为空仓
109,进场,tempeture_index,2022-03-18,"40,950.23",现货,41725.921902457325,1708686098.867665,tempeture_index,切换为现货(1 signal)
15,进场,120_ma,2022-03-26,"44,336.19",一倍合约,41725.921902457325,1849968401.3925095,"120_ma,tempeture_index",切换为一倍合约
109,出场,Close entry(s) order tempeture_index,2022-04-06,"45,509.92",现货,42830.54921289088,1949214868.234727,120_ma,切换为现货(1 signal)
15,出场,Close entry(s) order 120_ma,2022-04-09,"42,261.90",空仓,0,1810100387.7802732,,全部平仓为空仓
110,进场,tempeture_index,2022-05-31,"31,716.67",现货,57070.94684846402,1810100387.7802732,tempeture_index,切换为现货(1 signal)
110,出场,Close entry(s) order tempeture_index,2022-06-11,"29,058.79",空仓,0,1658412659.5706778,,全部平仓为空仓
111,进场,tempeture_index,2022-07-08,"21,618.04",现货,76714.29322781703,1658412659.5706778,tempeture_index,切换为现货(1 signal)
111,出场,Close entry(s) order tempeture_index,2022-07-11,"20,850.65",空仓,0,1599542878.0905833,,全部平仓为空仓
112,进场,tempeture_index,2022-07-14,"20,219.69",现货,79108.18010021832,1599542878.0905833,tempeture_index,切换为现货(1 signal)
112,出场,Close entry(s) order tempeture_index,2022-07-25,"22,583.37",空仓,0,1786529301.2298672,,全部平仓为空仓
113,进场,tempeture_index,2022-07-31,"23,648.15",现货,75546.26054172809,1786529301.2298672,tempeture_index,切换为现货(1 signal)
113,出场,Close entry(s) order tempeture_index,2022-08-02,"23,273.85",空仓,0,1758252335.9090981,,全部平仓为空仓
114,进场,tempeture_index,2022-08-14,"24,456.17",现货,71894.01839736551,1758252335.9090984,tempeture_index,切换为现货(1 signal)
114,出场,Close entry(s) order tempeture_index,2022-08-17,"23,857.89",空仓,0,1715239582.5823226,,全部平仓为空仓
115,进场,tempeture_index,2022-09-11,"21,656.03",现货,79203.78677820093,1715239582.5823226,tempeture_index,切换为现货(1 signal)
115,出场,Close entry(s) order tempeture_index,2022-09-14,"20,174.78",空仓,0,1597918973.4171124,,全部平仓为空仓
116,进场,tempeture_index,2022-09-30,"19,595.59",现货,81544.82582137677,1597918973.4171124,tempeture_index,切换为现货(1 signal)
116,出场,Close entry(s) order tempeture_index,2022-10-08,"19,531.68",空仓,0,1592707443.5988681,,全部平仓为空仓
117,进场,tempeture_index,2022-10-24,"19,572.20",现货,81376.00492529548,1592707443.5988681,tempeture_index,切换为现货(1 signal)
117,出场,Close entry(s) order tempeture_index,2022-11-02,"20,480.34",空仓,0,1666608248.711726,,全部平仓为空仓
16,进场,120_ma,2022-11-05,"21,149.03",现货,78803.05851907752,1666608248.711726,120_ma,切换为现货(1 signal)
16,出场,Close entry(s) order 120_ma,2022-11-08,"20,593.34",空仓,0,1622818177.1232598,,全部平仓为空仓
118,进场,tempeture_index,2022-12-01,"17,165.44",现货,94539.85316561998,1622818177.1232595,tempeture_index,切换为现货(1 signal)
118,出场,Close entry(s) order tempeture_index,2022-12-04,"16,889.17",空仓,0,1596699651.8891938,,全部平仓为空仓
119,进场,tempeture_index,2022-12-14,"17,772.98",现货,89838.60061110707,1596699651.8891938,tempeture_index,切换为现货(1 signal)
119,出场,Close entry(s) order tempeture_index,2022-12-16,"17,359.10",空仓,0,1559517251.8682687,,全部平仓为空仓
120,进场,tempeture_index,2023-01-05,"16,844.40",现货,92583.72229751541,1559517251.8682687,tempeture_index,切换为现货(1 signal)
17,进场,120_ma,2023-01-13,"18,847.77",一倍合约,92583.72229751541,1744996703.6074421,"120_ma,tempeture_index",切换为一倍合约
120,出场,Close entry(s) order tempeture_index,2023-02-04,"23,433.47",现货,115109.52642923585,2697415634.2937055,120_ma,切换为现货(1 signal)
121,进场,tempeture_index,2023-02-08,"23,244.64",一倍合约,115109.52642923585,2675679502.4180727,"120_ma,tempeture_index",切换为一倍合约
121,出场,Close entry(s) order tempeture_index,2023-02-09,"22,963.91",现货,113719.3264797215,2611440378.540941,120_ma,切换为现货(1 signal)
122,进场,tempeture_index,2023-02-16,"24,326.95",一倍合约,113719.3264797215,2766444369.305861,"120_ma,tempeture_index",切换为一倍合约
122,出场,Close entry(s) order tempeture_index,2023-02-20,"24,278.81",现货,113494.29011565885,2755506305.8029594,120_ma,切换为现货(1 signal)
123,进场,tempeture_index,2023-03-14,"24,220.00",一倍合约,113494.29011565885,2748831706.6012573,"120_ma,tempeture_index",切换为一倍合约
123,出场,Close entry(s) order tempeture_index,2023-03-28,"27,142.85",现货,127190.68920172629,3452317798.399076,120_ma,切换为现货(1 signal)
124,进场,tempeture_index,2023-04-10,"28,342.28",一倍合约,127190.68920172629,3604874126.748303,"120_ma,tempeture_index",切换为一倍合约
124,出场,Close entry(s) order tempeture_index,2023-04-19,"30,394.50",现货,136400.36732901764,4145820964.7818265,120_ma,切换为现货(1 signal)
125,进场,tempeture_index,2023-05-06,"29,538.87",一倍合约,136400.36732901764,4029112718.484099,"120_ma,tempeture_index",切换为一倍合约
125,出场,Close entry(s) order tempeture_index,2023-05-09,"27,693.24",现货,127877.88119622195,3541352854.6584616,120_ma,切换为现货(1 signal)
126,进场,tempeture_index,2023-05-29,"28,070.04",一倍合约,127877.88119622195,3589537240.293198,"120_ma,tempeture_index",切换为一倍合约
126,出场,Close entry(s) order tempeture_index,2023-06-06,"25,741.50",现货,117269.81788456829,3018701017.0756145,120_ma,切换为现货(1 signal)
17,出场,Close entry(s) order 120_ma,2023-06-06,"25,741.50",空仓,0,3018701017.0756145,,全部平仓为空仓
18,进场,120_ma,2023-06-07,"27,243.45",现货,110804.65275417079,3018701017.0756145,120_ma,切换为现货(1 signal)
18,出场,Close entry(s) order 120_ma,2023-06-11,"25,856.10",空仓,0,2864976182.077115,,全部平仓为空仓
127,进场,tempeture_index,2023-06-20,"26,839.04",现货,106746.59682600849,2864976182.077115,tempeture_index,切换为现货(1 signal)
19,进场,120_ma,2023-06-21,"28,320.41",一倍合约,106746.59682600848,3023107388.217259,"120_ma,tempeture_index",切换为一倍合约
127,出场,Close entry(s) order tempeture_index,2023-07-06,"30,499.27",现货,114959.2565283333,3506173403.8568997,120_ma,切换为现货(1 signal)
128,进场,tempeture_index,2023-07-11,"30,419.89",一倍合约,114959.25652833331,3497047938.073681,"120_ma,tempeture_index",切换为一倍合约
128,出场,Close entry(s) order tempeture_index,2023-07-13,"30,383.26",现货,114820.82875733766,3488631093.549667,120_ma,切换为现货(1 signal)
129,进场,tempeture_index,2023-07-14,"31,471.83",一倍合约,114820.82875733766,3613621603.110042,"120_ma,tempeture_index",切换为一倍合约
129,出场,Close entry(s) order tempeture_index,2023-07-16,"30,302.01",现货,110552.89448415083,3349974914.187683,120_ma,切换为现货(1 signal)
130,进场,tempeture_index,2023-08-09,"29,770.01",一倍合约,110552.89448415083,3291160774.322115,"120_ma,tempeture_index",切换为一倍合约
130,出场,Close entry(s) order tempeture_index,2023-08-13,"29,417.19",现货,109242.67415732199,3213612501.7940307,120_ma,切换为现货(1 signal)
19,出场,Close entry(s) order 120_ma,2023-08-18,"26,627.21",空仓,0,2908827625.7485857,,全部平仓为空仓
131,进场,tempeture_index,2023-09-16,"26,601.71",现货,109347.39254538846,2908827625.7485857,tempeture_index,切换为现货(1 signal)
131,出场,Close entry(s) order tempeture_index,2023-09-23,"26,578.40",空仓,0,2906278738.0283527,,全部平仓为空仓
132,进场,tempeture_index,2023-10-02,"27,995.46",现货,103812.50167092639,2906278738.0283527,tempeture_index,切换为现货(1 signal)
132,出场,Close entry(s) order tempeture_index,2023-10-06,"27,413.15",空仓,0,2845827680.180356,,全部平仓为空仓
133,进场,tempeture_index,2023-10-17,"28,520.24",现货,99782.73956251265,2845827680.180356,tempeture_index,切换为现货(1 signal)
20,进场,120_ma,2023-10-17,"28,520.24",一倍合约,99782.73956251265,2845827680.180356,"120_ma,tempeture_index",切换为一倍合约
133,出场,Close entry(s) order tempeture_index,2023-11-15,"35,554.10",现货,124391.85296756026,4422640379.593934,120_ma,切换为现货(1 signal)
134,进场,tempeture_index,2023-11-23,"37,424.31",一倍合约,124391.85296756026,4655279266.932395,"120_ma,tempeture_index",切换为一倍合约
134,出场,Close entry(s) order tempeture_index,2023-12-12,"41,229.61",现货,137040.00381115518,5650105911.532442,120_ma,切换为现货(1 signal)
135,进场,tempeture_index,2023-12-21,"43,673.11",一倍合约,137040.00381115518,5984963160.844999,"120_ma,tempeture_index",切换为一倍合约
135,出场,Close entry(s) order tempeture_index,2023-12-29,"42,581.23",现货,133613.8397628123,5689441642.123457,120_ma,切换为现货(1 signal)
136,进场,tempeture_index,2024-01-02,"44,220.78",一倍合约,133613.8397628123,5908508213.106575,"120_ma,tempeture_index",切换为一倍合约
136,出场,Close entry(s) order tempeture_index,2024-01-13,"42,775.10",现货,129245.69302572845,5528497443.744837,120_ma,切换为现货(1 signal)
137,进场,tempeture_index,2024-01-30,"43,303.30",一倍合约,129245.69302572845,5596765018.801027,"120_ma,tempeture_index",切换为一倍合约
137,出场,Close entry(s) order tempeture_index,2024-02-05,"42,571.91",现货,127062.74143954247,5409303592.917473,120_ma,切换为现货(1 signal)
138,进场,tempeture_index,2024-02-08,"44,345.94",一倍合约,127062.74143954247,5634716708.113464,"120_ma,tempeture_index",切换为一倍合约
138,出场,Close entry(s) order tempeture_index,2024-02-24,"50,746.98",现货,145403.39879090697,7378783370.374181,120_ma,切换为现货(1 signal)
139,进场,tempeture_index,2024-02-27,"54,530.32",一倍合约,145403.39879090697,7928893865.15577,"120_ma,tempeture_index",切换为一倍合约
36,进场,ADX,2024-03-12,"72,110.98",两倍合约,192281.6807629795,13865620435.865599,"120_ma,ADX,tempeture_index",切换为两倍合约
139,出场,Close entry(s) order tempeture_index,2024-03-16,"69,514.87",一倍合约,178436.78795343568,12404010117.800646,"120_ma,ADX",切换为一倍合约
140,进场,tempeture_index,2024-03-29,"70,804.06",两倍合约,181745.99248279305,12868354156.511229,"120_ma,ADX,tempeture_index",切换为两倍合约
36,出场,Close entry(s) order ADX,2024-03-31,"69,623.86",一倍合约,175687.11336404784,12232014984.662596,"120_ma,tempeture_index",切换为一倍合约
140,出场,Close entry(s) order tempeture_index,2024-04-04,"65,984.18",现货,166502.83554938977,10986553071.401333,120_ma,切换为现货(1 signal)
141,进场,tempeture_index,2024-04-07,"68,919.57",一倍合约,166502.83554938977,11475303829.844658,"120_ma,tempeture_index",切换为一倍合约
141,出场,Close entry(s) order tempeture_index,2024-04-13,"67,148.62",现货,162224.39625244995,10893144338.685184,120_ma,切换为现货(1 signal)
37,进场,ADX,2024-05-01,"60,621.20",一倍合约,162224.39625244995,9834237570.099018,"120_ma,ADX",切换为一倍合约
142,进场,tempeture_index,2024-05-07,"63,161.35",两倍合约,169021.924182294,10675652910.951334,"120_ma,ADX,tempeture_index",切换为两倍合约
142,出场,Close entry(s) order tempeture_index,2024-05-08,"62,315.75",一倍合约,164496.2153718095,10250705033.055838,"120_ma,ADX",切换为一倍合约
37,出场,Close entry(s) order ADX,2024-05-08,"62,315.75",现货,164496.2153718095,10250705033.055838,120_ma,切换为现货(1 signal)
143,进场,tempeture_index,2024-05-14,"62,927.44",一倍合约,164496.2153718095,10351325723.03662,"120_ma,tempeture_index",切换为一倍合约
143,出场,Close entry(s) order tempeture_index,2024-05-27,"68,470.80",现货,178986.90084135145,12255376290.128008,120_ma,切换为现货(1 signal)
144,进场,tempeture_index,2024-06-05,"70,541.68",一倍合约,178986.90084135145,12626036683.342344,"120_ma,tempeture_index",切换为一倍合约
144,出场,Close entry(s) order tempeture_index,2024-06-08,"69,326.71",现货,175904.131691039,12194854725.54647,120_ma,切换为现货(1 signal)
20,出场,Close entry(s) order 120_ma,2024-06-20,"64,945.67",空仓,0,11424211688.44276,,全部平仓为空仓
145,进场,tempeture_index,2024-07-15,"60,804.97",现货,187882.86037214985,11424211688.44276,tempeture_index,切换为现货(1 signal)
21,进场,120_ma,2024-07-20,"66,707.61",一倍合约,187882.86037214985,12533216575.389828,"120_ma,tempeture_index",切换为一倍合约
38,进场,ADX,2024-07-20,"66,707.61",两倍合约,187882.86037214985,12533216575.389828,"120_ma,ADX,tempeture_index",切换为两倍合约
38,出场,Close entry(s) order ADX,2024-07-27,"67,921.46",一倍合约,194720.50933192327,13225701285.767855,"120_ma,tempeture_index",切换为一倍合约
145,出场,Close entry(s) order tempeture_index,2024-07-31,"66,169.68",现货,189698.42214714427,12552283889.981447,120_ma,切换为现货(1 signal)
21,出场,Close entry(s) order 120_ma,2024-08-03,"61,418.06",空仓,0,11650909073.338634,,全部平仓为空仓
146,进场,tempeture_index,2024-08-20,"59,455.81",现货,195959.1345797599,11650909073.338634,tempeture_index,切换为现货(1 signal)
22,进场,120_ma,2024-08-26,"64,250.01",一倍合约,195959.1345797599,12590376356.34092,"120_ma,tempeture_index",切换为一倍合约
22,出场,Close entry(s) order 120_ma,2024-08-27,"62,840.09",现货,191658.95310077342,12043865862.15838,tempeture_index,切换为现货(1 signal)
146,出场,Close entry(s) order tempeture_index,2024-08-28,"59,437.68",空仓,0,11391763523.538778,,全部平仓为空仓
147,进场,tempeture_index,2024-09-13,"58,137.33",现货,195945.7636520077,11391763523.538778,tempeture_index,切换为现货(1 signal)
23,进场,120_ma,2024-09-21,"63,210.94",一倍合约,195945.7636520077,12385915909.46124,"120_ma,tempeture_index",切换为一倍合约
147,出场,Close entry(s) order tempeture_index,2024-10-02,"60,792.63",现货,188449.31446619765,11456329448.0972,120_ma,切换为现货(1 signal)
23,出场,Close entry(s) order 120_ma,2024-10-02,"60,792.63",空仓,0,11456329448.0972,,全部平仓为空仓
24,进场,120_ma,2024-10-07,"62,810.93",现货,182393.883486476,11456329448.0972,120_ma,切换为现货(1 signal)
24,出场,Close entry(s) order 120_ma,2024-10-10,"60,578.28",空仓,0,11049107744.131119,,全部平仓为空仓
25,进场,120_ma,2024-10-12,"62,518.75",现货,176732.70409486943,11049107744.131119,120_ma,切换为现货(1 signal)
148,进场,tempeture_index,2024-10-15,"66,065.64",一倍合约,176732.70409486943,11675959204.95817,"120_ma,tempeture_index",切换为一倍合约
148,出场,Close entry(s) order tempeture_index,2024-10-26,"66,564.51",现货,178067.23508695257,11852958250.617804,120_ma,切换为现货(1 signal)
149,进场,tempeture_index,2024-10-30,"72,724.35",一倍合约,178067.23508695257,12949823927.995821,"120_ma,tempeture_index",切换为一倍合约
149,出场,Close entry(s) order tempeture_index,2024-11-02,"69,466.64",现货,170090.65760753726,11815626479.386051,120_ma,切换为现货(1 signal)
150,进场,tempeture_index,2024-11-07,"75,646.55",一倍合约,170090.65760753726,12866771435.241447,"120_ma,tempeture_index",切换为一倍合约
39,进场,ADX,2024-11-11,"80,427.69",两倍合约,180841.0123390313,14544624879.689785,"120_ma,ADX,tempeture_index",切换为两倍合约
150,出场,Close entry(s) order tempeture_index,2024-11-27,"91,929.53",一倍合约,232564.6013010309,21379554492.241158,"120_ma,ADX",切换为一倍合约
151,进场,tempeture_index,2024-12-17,"106,099.98",两倍合约,268413.20244699775,28478635411.36241,"120_ma,ADX,tempeture_index",切换为两倍合约
151,出场,Close entry(s) order tempeture_index,2024-12-19,"100,148.60",一倍合约,238301.43494658897,23865555087.89196,"120_ma,ADX",切换为一倍合约
39,出场,Close entry(s) order ADX,2025-01-03,"96,905.48",现货,230584.50081367063,22344901731.90914,120_ma,切换为现货(1 signal)
152,进场,tempeture_index,2025-01-06,"98,347.65",一倍合约,230584.50081367063,22677443781.447594,"120_ma,tempeture_index",切换为一倍合约
152,出场,Close entry(s) order tempeture_index,2025-01-08,"96,941.98",现货,227288.78693277208,22033825037.06105,120_ma,切换为现货(1 signal)
153,进场,tempeture_index,2025-01-16,"100,504.27",一倍合约,227288.7869327721,22843493609.8638,"120_ma,tempeture_index",切换为一倍合约
153,出场,Close entry(s) order tempeture_index,2025-01-27,"102,565.28",现货,231949.72783365435,23789988781.182552,120_ma,切换为现货(1 signal)
40,进场,ADX,2025-02-12,"95,770.95",一倍合约,231949.72783365435,22214045786.870518,"120_ma,ADX",切换为一倍合约
25,出场,Close entry(s) order 120_ma,2025-02-25,"91,509.88",现货,221629.75056726878,20281311878.8407,ADX,切换为现货(1 signal)
40,出场,Close entry(s) order ADX,2025-02-25,"91,509.88",空仓,0,20281311878.8407,,全部平仓为空仓
154,进场,tempeture_index,2025-03-20,"86,877.97",现货,233445.9688554037,20281311878.8407,tempeture_index,切换为现货(1 signal)
154,出场,Close entry(s) order tempeture_index,2025-03-29,"84,381.81",空仓,0,19698593389.22259,,全部平仓为空仓
155,进场,tempeture_index,2025-04-02,"85,166.92",现货,231293.95062334757,19698593389.22259,tempeture_index,切换为现货(1 signal)
155,出场,Close entry(s) order tempeture_index,2025-04-03,"82,490.10",空仓,0,19079461116.315006,,全部平仓为空仓
156,进场,tempeture_index,2025-04-13,"85,271.02",现货,223750.82550103194,19079461116.315006,tempeture_index,切换为现货(1 signal)
26,进场,120_ma,2025-04-23,"93,486.57",一倍合约,223750.82550103194,20917697210.76001,"120_ma,tempeture_index",切换为一倍合约
41,进场,ADX,2025-04-28,"93,780.56",两倍合约,224454.46138358754,21049465083.051212,"120_ma,ADX,tempeture_index",切换为两倍合约
156,出场,Close entry(s) order tempeture_index,2025-05-29,"107,819.26",一倍合约,291654.931225648,31446018860.100258,"120_ma,ADX",切换为一倍合约
41,出场,Close entry(s) order ADX,2025-06-02,"105,697.93",现货,285916.65816333145,30220798920.381733,120_ma,切换为现货(1 signal)
26,出场,开盘价,2025-06-09,"105,631.37",现货,285916.65816333145,30201768307.614384,120_ma,
